<?xml version="1.0" encoding="UTF-8"?>
<beans xmlns="http://www.springframework.org/schema/beans" xmlns:context="http://www.springframework.org/schema/context"
  xmlns:xsi="http://www.w3.org/2001/XMLSchema-instance" xmlns:ws="http://jax-ws.dev.java.net/spring/core" xmlns:wss="http://jax-ws.dev.java.net/spring/servlet"
  xmlns:pen="http://www.pentaho.com/schema/pentaho-system"
  xsi:schemaLocation="http://www.springframework.org/schema/beans http://www.springframework.org/schema/beans/spring-beans-2.5.xsd
                           http://www.springframework.org/schema/context http://www.springframework.org/schema/context/spring-context-2.5.xsd
                           http://www.springframework.org/schema/util http://www.springframework.org/schema/util/spring-util-2.5.xsd
                           http://jax-ws.dev.java.net/spring/core http://jax-ws.dev.java.net/spring/core.xsd
                           http://jax-ws.dev.java.net/spring/servlet http://jax-ws.dev.java.net/spring/servlet.xsd
                           http://www.pentaho.com/schema/pentaho-system http://www.pentaho.com/schema/pentaho-system.xsd">

  <context:annotation-config />
  <bean id="api" class="org.pentaho.platform.web.servlet.JAXRSPluginServlet"/>
  <bean id="marketplace" class="org.pentaho.marketplace.endpoints.MarketplaceContentGenerator" scope="prototype"/>

  <!-- START: Domain Entity Factories -->
  <bean id="marketplace.plugin-factory" class="org.pentaho.marketplace.domain.model.factories.PluginFactory" />
  <bean id="marketplace.pluginVersion-factory" class="org.pentaho.marketplace.domain.model.factories.PluginVersionFactory" />
  <bean id="marketplace.domainStatusMessage-factory" class="org.pentaho.marketplace.domain.model.factories.DomainStatusMessageFactory" />
  <bean id="marketplace.versionData-factory" class="org.pentaho.marketplace.domain.model.factories.VersionDataFactory" />
  <bean id="marketplace.category-factory" class="org.pentaho.marketplace.domain.model.factories.CategoryFactory" />

  <bean id="marketplace.pluginSerializer" class="org.pentaho.marketplace.domain.model.entities.serialization.MarketplaceXmlSerializer">
    <constructor-arg ref="marketplace.plugin-factory" />
    <constructor-arg ref="marketplace.pluginVersion-factory"/>
    <constructor-arg ref="marketplace.versionData-factory" />
    <constructor-arg ref="marketplace.category-factory" />
  </bean>

  <bean id="marketplace.securityHelper-factory" class="org.pentaho.platform.engine.security.SecurityHelper" factory-method="getInstance"></bean>


  <!-- END: Domain Entity Factories -->

  <!-- START: Domain Services -->
  <bean id="marketplace.plugin-service" class="org.pentaho.marketplace.domain.services.PluginService">
    <constructor-arg ref="marketplace.remotePluginProvider"/>
    <constructor-arg ref="marketplace.pluginSerializer"/>
    <constructor-arg ref="marketplace.versionData-factory"/>
    <constructor-arg ref="marketplace.domainStatusMessage-factory"/>
    <constructor-arg ref="marketplace.securityHelper-factory"/>
    <constructor-arg>
      <pen:bean class="org.pentaho.platform.api.engine.IPluginResourceLoader"/>
    </constructor-arg>
  </bean>

  <bean id="marketplace.remotePluginProvider" class="org.pentaho.marketplace.domain.services.RemoteMetadataPluginProvider">
    <constructor-arg ref="marketplace.pluginSerializer" />
  </bean>
  <!-- END: Domain Services -->

  <!-- START: RDO -->
  <bean id="marketplace.rdo" class="org.pentaho.marketplace.domain.services.RDO">
    <constructor-arg ref="marketplace.plugin-service"/>
  </bean>
  <!-- END: RDO -->

  <!-- START: DTO Mappers -->
  <bean id="marketplace.statusMessage-mapper" class="org.pentaho.marketplace.endpoints.dtos.mappers.StatusMessageDTOMapper">
    <constructor-arg ref="marketplace.domainStatusMessage-factory"/>
  </bean>

  <bean id="marketplace.pluginVersion-mapper" class="org.pentaho.marketplace.endpoints.dtos.mappers.PluginVersionDTOMapper">
    <constructor-arg ref="marketplace.pluginVersion-factory"/>
  </bean>

  <bean id="marketplace.category-mapper" class="org.pentaho.marketplace.endpoints.dtos.mappers.CategoryDTOMapper">
    <constructor-arg ref="marketplace.category-factory"/>

  </bean>

  <bean id="marketplace.plugin-mapper" class="org.pentaho.marketplace.endpoints.dtos.mappers.PluginDTOMapper">
	  <constructor-arg ref="marketplace.plugin-factory"/>
	  <constructor-arg ref="marketplace.pluginVersion-mapper"/>
    <constructor-arg ref="marketplace.category-mapper"/>
  </bean>
  <!-- END: DTO Mappers -->

  <!-- START: Service Endpoints -->
  <bean id="marketplace.service-endpoint" class="org.pentaho.marketplace.endpoints.MarketplaceService">
	  <constructor-arg ref="marketplace.rdo"/>
	  <constructor-arg ref="marketplace.plugin-mapper"/>
	  <constructor-arg ref="marketplace.statusMessage-mapper"/>
  </bean>
  <!-- END: Service Endpoints -->
</beans>
